{"cameraMode":{"drawMode":0,"name":"Shaded","section":"Shading Mode"},"sceneLighting":true,"audioPlay":false,"sceneViewState":{"showFog":true,"showMaterialUpdate":false,"showSkybox":true,"showFlares":true,"showImageEffects":true,"showParticleSystems":true},"in2DMode":false,"pivot":{"x":-0.045456886291503909,"y":376.7049865722656,"z":-558.112060546875},"rotation":{"x":0.24529197812080384,"y":-0.06537860631942749,"z":0.016582369804382325,"w":0.9671013951301575},"size":82.64122009277344,"orthographic":false}