{"cameraMode":{"drawMode":0,"name":"Shaded","section":"Shading Mode"},"sceneLighting":false,"audioPlay":false,"sceneViewState":{"showFog":true,"showMaterialUpdate":false,"showSkybox":false,"showFlares":true,"showImageEffects":true,"showParticleSystems":true},"in2DMode":false,"pivot":{"x":0.07653327286243439,"y":0.09892350435256958,"z":-0.2291579246520996},"rotation":{"x":0.002559286542236805,"y":-0.9917266368865967,"z":0.12714049220085145,"w":0.021643387153744699},"size":1.0431172847747803,"orthographic":false}