{"cameraMode":{"drawMode":0,"name":"Shaded","section":"Shading Mode"},"sceneLighting":false,"audioPlay":false,"sceneViewState":{"showFog":true,"showMaterialUpdate":false,"showSkybox":false,"showFlares":true,"showImageEffects":true,"showParticleSystems":true},"in2DMode":false,"pivot":{"x":0.005863189697265625,"y":0.19087283313274384,"z":-0.0006103515625},"rotation":{"x":-0.1506931334733963,"y":0.27397283911705019,"z":-0.04351773113012314,"w":-0.9488691091537476},"size":3.6777219772338869,"orthographic":false}