{"cameraMode":{"drawMode":0,"name":"Shaded","section":"Shading Mode"},"sceneLighting":true,"audioPlay":false,"sceneViewState":{"showFog":true,"showMaterialUpdate":false,"showSkybox":false,"showFlares":true,"showImageEffects":true,"showParticleSystems":true},"in2DMode":false,"pivot":{"x":7.313834190368652,"y":2.9691100120544435,"z":8.533456802368164},"rotation":{"x":0.16795524954795838,"y":0.7058204412460327,"z":-0.17834651470184327,"w":0.6646915078163147},"size":1.8552350997924805,"orthographic":true}