{"cameraMode":{"drawMode":0,"name":"Shaded","section":"Shading Mode"},"sceneLighting":false,"audioPlay":false,"sceneViewState":{"showFog":true,"showMaterialUpdate":false,"showSkybox":false,"showFlares":true,"showImageEffects":true,"showParticleSystems":true},"in2DMode":false,"pivot":{"x":0.1500999927520752,"y":0.0917000025510788,"z":0.01850000023841858},"rotation":{"x":-0.06482787430286408,"y":0.9346428513526917,"z":-0.23020930588245393,"w":-0.26319196820259097},"size":0.22863072156906129,"orthographic":true}