{"cameraMode":{"drawMode":0,"name":"Shaded","section":"Shading Mode"},"sceneLighting":false,"audioPlay":false,"sceneViewState":{"showFog":true,"showMaterialUpdate":false,"showSkybox":false,"showFlares":true,"showImageEffects":true,"showParticleSystems":true},"in2DMode":false,"pivot":{"x":-3.49334716796875,"y":153.86196899414063,"z":-1205.8013916015625},"rotation":{"x":0.20652426779270173,"y":0.111266128718853,"z":-0.023667583242058755,"w":0.9718288779258728},"size":1824.955078125,"orthographic":false}