{"cameraMode":{"drawMode":0,"name":"Shaded","section":"Shading Mode"},"sceneLighting":false,"audioPlay":false,"sceneViewState":{"showFog":true,"showMaterialUpdate":false,"showSkybox":false,"showFlares":true,"showImageEffects":true,"showParticleSystems":true},"in2DMode":false,"pivot":{"x":0.12590529024600984,"y":0.10389481484889984,"z":0.104127436876297},"rotation":{"x":-0.20596006512641908,"y":0.750876784324646,"z":-0.2739298641681671,"w":-0.5645642876625061},"size":1.0407330989837647,"orthographic":false}